species,sex,subfamily,habitat,foraging_stratum,avg_span,volume,avg_brill,avg_chroma,avg_sex_dich
Acanthidops_bairdii,Female,Diglossinae,F,U,0.03218935,2.06e-6,0.11575634,0.107773578,0.028
Acanthidops_bairdii,Male,Diglossinae,F,U,0.023055018,8.72e-7,0.098985734,0.081071856,0.028
Anisognathus_igniventris,Female,Thraupinae,F,U/C,0.239786522,3.69915e-4,0.13327856,0.177266597,0.037
Anisognathus_igniventris,Male,Thraupinae,F,U/C,0.262820836,5.00802e-4,0.134133868,0.208333415,0.037
Anisognathus_lacrymosus,Female,Thraupinae,F,C,0.190603125,1.48221e-4,0.17410209200000001,0.147892737,0.02
Anisognathus_lacrymosus,Male,Thraupinae,F,C,0.205268635,2.1432e-4,0.160788421,0.149416561,0.02
Anisognathus_melanogenys,Female,Thraupinae,F,U/C,0.192707579,3.60606e-4,0.151978924,0.140759541,0.025
Anisognathus_melanogenys,Male,Thraupinae,F,U/C,0.182226354,1.81956e-4,0.13997831,0.137902088,0.025
Anisognathus_notabilis,Female,Thraupinae,F,C,0.260959865,0.001403226,0.15253432,0.188098923,0.028
Anisognathus_notabilis,Male,Thraupinae,F,C,0.242888493,9.66096e-4,0.169354398,0.176337675,0.028
Anisognathus_somptuosus,Female,Thraupinae,-,-,0.255939293,7.26834e-4,0.149788908,0.174976827,0.064
Anisognathus_somptuosus,Male,Thraupinae,-,-,0.253912257,0.001327843,0.246721775,0.186067913,0.064
Bangsia_arcaei,Female,Thraupinae,F,C,0.161303921,5.67e-5,0.155647431,0.111201503,0.026
Bangsia_arcaei,Male,Thraupinae,F,C,0.176343938,1.62533e-4,0.15449835,0.121188656,0.026
Bangsia_aureocincta,Female,Thraupinae,F,C,0.09123654,8.21e-5,0.120731926,0.147456906,0.051
Bangsia_aureocincta,Male,Thraupinae,F,C,0.136664665,1.47832e-4,0.130442511,0.138114875,0.051
Bangsia_edwardsi,Female,Thraupinae,F,C,0.095115951,6e-5,0.099864764,0.104310498,0.033
Bangsia_edwardsi,Male,Thraupinae,F,C,0.120178289,1.87703e-4,0.093107819,0.100945409,0.033
Bangsia_melanochlamys,Female,Thraupinae,F,C,0.166365808,1.58243e-4,0.12524498,0.119732597,0.019
Bangsia_melanochlamys,Male,Thraupinae,F,C,0.181251421,1.9335e-4,0.116325046,0.114444448,0.019
Bangsia_rothschildi,Female,Thraupinae,F,C,0.133326058,1.20061e-4,0.102535646,0.075316063,0.024
Bangsia_rothschildi,Male,Thraupinae,F,C,0.133701608,7.82e-5,0.103650481,0.078004518,0.024
Cnemathraupis_aureodorsalis,Female,Thraupinae,F,C,0.245441863,4.26887e-4,0.119897958,0.180329127,0.017
Cnemathraupis_aureodorsalis,Male,Thraupinae,F,C,0.22503283600000001,3.827e-4,0.120359646,0.181694878,0.017
Cnemathraupis_eximia,Female,Thraupinae,F,C,0.187682566,9.10752e-4,0.120199182,0.136660464,0.017
Cnemathraupis_eximia,Male,Thraupinae,F,C,0.204948761,0.001545105,0.119782175,0.146781581,0.017
Buthraupis_montana,Female,Thraupinae,F,C,0.170154451,1.50446e-4,0.142554899,0.106934218,0.019
Buthraupis_montana,Male,Thraupinae,F,C,0.1764976,1.21841e-4,0.150836338,0.118093829,0.019
Buthraupis_wetmorei,Female,Thraupinae,F,C,0.162130557,1.81328e-4,0.123958531,0.153852663,0.043
Buthraupis_wetmorei,Male,Thraupinae,F,C,0.162034036,1.43532e-4,0.119095333,0.114935638,0.043
Calochaetes_coccineus,Female,Thraupinae,F,C,0.161302753,4.54e-5,0.130171364,0.228831795,0.043
Calochaetes_coccineus,Male,Thraupinae,F,C,0.209995259,7.74e-5,0.131577647,0.247801987,0.043
Camarhynchus_heliobates,Female,Coerebinae,F,C,0.026385789,4.97e-7,0.143631757,0.116295018,0.009
Camarhynchus_heliobates,Male,Coerebinae,F,C,0.033122242,1.05e-6,0.140199835,0.111055302,0.009
Camarhynchus_pallidus,Female,Coerebinae,N,N,0.030188676,6.83e-7,0.19761657,0.124054961,0.012
Camarhynchus_pallidus,Male,Coerebinae,N,N,0.031027992,2.57e-6,0.206227902,0.122177058,0.012
Camarhynchus_parvulus,Female,Coerebinae,F,U/C,0.02642177,1.34e-6,0.1729572,0.115445289,0.021
Camarhynchus_parvulus,Male,Coerebinae,F,U/C,0.038184168,1.98e-6,0.138964519,0.097452158,0.021
Camarhynchus_pauper,Female,Coerebinae,F,U/C,0.038594008,2.4e-6,0.144305223,0.123790871,0.017
Camarhynchus_pauper,Male,Coerebinae,F,U/C,0.026712995,1.9e-6,0.13316839,0.110616626,0.017
Camarhynchus_psittacula,Female,Coerebinae,F,U/C,0.032501768,2.68e-6,0.180860569,0.111357047,0.024
Camarhynchus_psittacula,Male,Coerebinae,F,U/C,0.034943776,1.59e-6,0.136146768,0.093087612,0.024
Catamenia_analis,Female,Diglossinae,N,N,0.061611848,7.74e-6,0.16486265,0.118947098,0.047
Catamenia_analis,Male,Diglossinae,N,N,0.039111261,6.77e-6,0.152975637,0.079064835,0.047
Catamblyrhynchus_diadema,Female,Catamblyrhynchinae,F,U,0.141275561,1.01188e-4,0.0980063,0.17265436,0.008
Catamblyrhynchus_diadema,Male,Catamblyrhynchinae,F,U,0.143223997,1.26091e-4,0.093891769,0.168786818,0.008
Catamenia_homochroa,Female,Diglossinae,N,N,0.05396548,1.34e-5,0.099915235,0.100333499,0.042
Catamenia_homochroa,Male,Diglossinae,N,N,0.047664862,6.49e-6,0.086154464,0.061808843,0.042
Catamenia_inornata,Female,Diglossinae,N,N,0.04613281,6.71e-6,0.138079177,0.145652137,0.031
Catamenia_inornata,Male,Diglossinae,N,N,0.059038163,1.75e-5,0.127007427,0.126764555,0.031
Certhidea_olivacea,Female,Coerebinae,N,N,0.032756146,2.14e-6,0.192500207,0.128808489,0.019
Certhidea_olivacea,Male,Coerebinae,N,N,0.033112969,3.01e-6,0.18112997,0.124864609,0.019
Charitospiza_eucosma,Female,Charitospizinae,N,N,0.079118509,1.02e-5,0.18427628,0.129541125,0.058
Charitospiza_eucosma,Male,Charitospizinae,N,N,0.114230918,5.66e-5,0.176307782,0.097623586,0.058
Chlorochrysa_calliparaea,Female,Thraupinae,F,C,0.238388718,0.001542109,0.116138477,0.227276979,0.095
Chlorochrysa_calliparaea,Male,Thraupinae,F,C,0.30640275300000003,0.005357619,0.117505852,0.264114997,0.095
Chlorochrysa_nitidissima,Female,Thraupinae,F,C,0.170043315,8.27025e-4,0.079145225,0.173001734,0.123
Chlorochrysa_nitidissima,Male,Thraupinae,F,C,0.26663298,0.005012457,0.095864311,0.190788349,0.123
Chlorochrysa_phoenicotis,Female,Thraupinae,F,C,0.238276099,0.002331053,0.122616116,0.296124445,0.04
Chlorochrysa_phoenicotis,Male,Thraupinae,F,C,0.267222304,0.00332633,0.123820627,0.315268875,0.04
Chlorornis_riefferii,Female,Thraupinae,F,C,0.192130859,0.001644311,0.112153927,0.197705118,0.048
Chlorornis_riefferii,Male,Thraupinae,F,C,0.202832475,0.001971987,0.113430223,0.195979675,0.048
Chlorophanes_spiza,Female,Hemithraupinae,F,C,0.06441086,1.16e-5,0.129323594,0.166171606,0.141
Chlorophanes_spiza,Male,Hemithraupinae,F,C,0.111680212,1.13725e-4,0.079495733,0.148794185,0.141
Chrysothlypis_chrysomelas,Female,Hemithraupinae,F,C,0.048881872,1.34e-5,0.153859339,0.154785238,0.121
Chrysothlypis_chrysomelas,Male,Hemithraupinae,F,C,0.180101936,5.03e-5,0.210806348,0.189113992,0.121
Chrysothlypis_salmoni,Female,Hemithraupinae,F,C,0.063927334,4.01e-5,0.176122209,0.145297504,0.146
Chrysothlypis_salmoni,Male,Hemithraupinae,F,C,0.175678558,1.79542e-4,0.173716839,0.249790633,0.146
Cissopis_leverianus,Female,Thraupinae,F,U/C,0.057995268,5.61e-6,0.252179959,0.051276585,0.013
Cissopis_leverianus,Male,Thraupinae,F,U/C,0.051535344,3.87e-6,0.254305602,0.046849701,0.013
Cnemoscopus_rubrirostris,Female,Poospizinae,F,C,0.111114858,1.48e-5,0.173589537,0.150583099,0.015
Cnemoscopus_rubrirostris,Male,Poospizinae,F,C,0.112648267,1.36e-5,0.169226758,0.139578847,0.015
Coereba_flaveola,Female,Coerebinae,F,C,0.081418246,3.14e-5,0.16490457,0.110730148,0.011
Coereba_flaveola,Male,Coerebinae,F,C,0.082054812,3.3e-5,0.167914604,0.112608376,0.011
Compsospiza_baeri,Female,Poospizinae,N,N,0.100481222,2e-5,0.111179738,0.136757047,0.014
Compsospiza_baeri,Male,Poospizinae,N,N,0.096999725,1.37e-5,0.115333612,0.13426324,0.014
Compsospiza_garleppi,Female,Poospizinae,F,U,0.131120452,5.18e-5,0.106935831,0.174576108,0.014
Compsospiza_garleppi,Male,Poospizinae,F,U,0.125810834,5.04e-5,0.107118602,0.170507455,0.014
Compsothraupis_loricata,Female,Nemosiinae,F,C,0.03614722,6.84e-7,0.051650594,0.018739026,0.07
Compsothraupis_loricata,Male,Nemosiinae,F,C,0.120021694,3.62e-5,0.074268104,0.068104168,0.07
Conirostrum_albifrons,Female,Diglossinae,F,C,0.113370877,1.75716e-4,0.139118632,0.111397316,0.133
Conirostrum_albifrons,Male,Diglossinae,F,C,0.136935202,3e-5,0.074621615,0.0764644,0.133
Conirostrum_bicolor,Female,Diglossinae,F,U/C,0.068214605,7.07e-6,0.252615802,0.085176098,0.016
Conirostrum_bicolor,Male,Diglossinae,F,U/C,0.081921441,8.98e-6,0.239867896,0.089439639,0.016
Conirostrum_cinereum,Female,Diglossinae,N,N,0.058193994,3.92e-6,0.189596041,0.1000003,0.013
Conirostrum_cinereum,Male,Diglossinae,N,N,0.057937629,4.62e-6,0.191768513,0.101477645,0.013
Conirostrum_ferrugineiventre,Female,Diglossinae,F,C,0.126489164,3.23e-5,0.136793256,0.130814464,0.03
Conirostrum_ferrugineiventre,Male,Diglossinae,F,C,0.120611446,3.57e-5,0.137208813,0.153101938,0.03
Conirostrum_leucogenys,Female,Diglossinae,F,C,0.042756459,9.8200000000000008e-06,0.166520793,0.078391128,0.034
Conirostrum_leucogenys,Male,Diglossinae,F,C,0.044590986,5.58e-6,0.184858176,0.051786428,0.034
Conirostrum_margaritae,Female,Diglossinae,F,C,0.031369905,2.11e-6,0.265994403,0.065793825,0.018
Conirostrum_margaritae,Male,Diglossinae,F,C,0.023646645,1.53e-6,0.24116213,0.052058792,0.018
Conirostrum_rufum,Female,Diglossinae,N,N,0.111135046,1.23e-5,0.106019944,0.14909836,0.014
Conirostrum_rufum,Male,Diglossinae,N,N,0.112722093,1.67e-5,0.106713378,0.15156285,0.014
Conirostrum_sitticolor,Female,Diglossinae,F,C,0.165266481,1.31e-5,0.113773845,0.121655971,0.014
Conirostrum_sitticolor,Male,Diglossinae,F,C,0.16286014,1.46e-5,0.113855202,0.116554104,0.014
Conothraupis_speculigera,Female,Tachyphoninae,F,U/C,0.029845846999999998,5.65e-6,0.181491109,0.150681759,0.097
Conothraupis_speculigera,Male,Tachyphoninae,F,U/C,0.04597022,3.25e-6,0.204014196,0.068328799,0.097
Conirostrum_speciosum,Female,Diglossinae,F,C,0.044495251,2.8e-5,0.255547066,0.088501583,0.066
Conirostrum_speciosum,Male,Diglossinae,F,C,0.079552117,9.13e-6,0.208249638,0.074159914,0.066
Conirostrum_tamarugense,Female,Diglossinae,F,U/C,0.067365032,1.29e-5,0.157349985,0.133599397,0.019
Conirostrum_tamarugense,Male,Diglossinae,F,U/C,0.065925047,1.86e-5,0.159790343,0.120140836,0.019
Coryphospingus_cucullatus,Female,Tachyphoninae,N,N,0.023015353,2.53e-6,0.149771794,0.122724475,0.073
Coryphospingus_cucullatus,Male,Tachyphoninae,N,N,0.094693338,3.51e-5,0.116261259,0.14136557,0.073
Coryphaspiza_melanotis,Female,Emberizoidinae,N,N,0.067406209,7.54e-5,0.204682486,0.141958781,0.032
Coryphaspiza_melanotis,Male,Emberizoidinae,N,N,0.073574514,6.23e-5,0.210666209,0.131259964,0.032
Coryphospingus_pileatus,Female,Tachyphoninae,N,N,0.029866398,5.5e-7,0.237651872,0.092269437,0.039
Coryphospingus_pileatus,Male,Tachyphoninae,N,N,0.070960868,3.71e-5,0.240570214,0.09662102,0.039
Creurgops_dentatus,Female,Tachyphoninae,F,C,0.085146403,6.97e-6,0.165538837,0.10306034,0.08
Creurgops_dentatus,Male,Tachyphoninae,F,C,0.061590726,9.12e-6,0.100814289,0.069501119,0.08
Creurgops_verticalis,Female,Tachyphoninae,F,C,0.117144975,5.67e-6,0.13550931,0.151377771,0.045
Creurgops_verticalis,Male,Tachyphoninae,F,C,0.10975441,4.1e-6,0.155599437,0.1510982,0.045
Cyanerpes_caeruleus,Female,Dacninae,F,C,0.088213042,1.68763e-4,0.188145553,0.135526872,0.337
Cyanerpes_caeruleus,Male,Dacninae,F,C,0.154116545,9.1e-5,0.20652863,0.212207381,0.337
Cyanerpes_cyaneus,Female,Dacninae,F,C,0.044117882,4.28e-5,0.179411771,0.122495308,0.211
Cyanerpes_cyaneus,Male,Dacninae,F,C,0.196045149,4.57409e-4,0.232620534,0.129083613,0.211
Cyanerpes_lucidus,Female,Dacninae,F,C,0.071731304,1.18436e-4,0.16863802,0.124222123,0.229
Cyanerpes_lucidus,Male,Dacninae,F,C,0.128057015,4.36e-5,0.167288564,0.128151242,0.229
Cyanerpes_nitidus,Female,Dacninae,F,C,0.080725924,1.36014e-4,0.211372471,0.121114928,0.25
Cyanerpes_nitidus,Male,Dacninae,F,C,0.125398534,4.45e-5,0.217024092,0.140994658,0.25
Cyanicterus_cyanicterus,Female,Nemosiinae,F,C,0.127777118,1.94457e-4,0.217411822,0.133081063,0.102
Cyanicterus_cyanicterus,Male,Nemosiinae,F,C,0.178946121,2.59155e-4,0.191363662,0.123396567,0.102
Cypsnagra_hirundinacea,Female,Poospizinae,N,N,0.087813526,8e-6,0.268206679,0.112769162,0.017
Cypsnagra_hirundinacea,Male,Poospizinae,N,N,0.091539166,2.22e-5,0.269023324,0.110715048,0.017
Dacnis_albiventris,Female,Dacninae,F,C,0.037295222,2.02e-5,0.164884347,0.125137641,0.18
Dacnis_albiventris,Male,Dacninae,F,C,0.162216473,7.6e-5,0.268465687,0.112330914,0.18
Dacnis_berlepschi,Female,Dacninae,F,C,0.066028549,2.48e-5,0.147327201,0.149919312,0.155
Dacnis_berlepschi,Male,Dacninae,F,C,0.184814266,5.45995e-4,0.192555121,0.123864136,0.155
Dacnis_cayana,Female,Dacninae,F,C,0.092809888,3.87e-5,0.207375763,0.137196675,0.112
Dacnis_cayana,Male,Dacninae,F,C,0.084026939,1.52e-5,0.231823653,0.084095687,0.112
Dacnis_flaviventer,Female,Dacninae,F,C,0.03677428,4.11e-6,0.157814366,0.10734035,0.086
Dacnis_flaviventer,Male,Dacninae,F,C,0.11617074,8.91e-5,0.202556308,0.118511382,0.086
Dacnis_lineata,Female,Dacninae,F,C,0.027829567,3.93e-6,0.210995223,0.117364403,0.135
Dacnis_lineata,Male,Dacninae,F,C,0.079584283,5.3e-5,0.327953662,0.064034496,0.135
Dacnis_nigripes,Female,Dacninae,F,C,0.072094806,5.27e-5,0.193557112,0.111792329,0.109
Dacnis_nigripes,Male,Dacninae,F,C,0.072130182,1.53e-5,0.259722942,0.065078894,0.109
Dacnis_venusta,Female,Dacninae,F,C,0.07168115,7.14e-5,0.168160653,0.118748366,0.105
Dacnis_venusta,Male,Dacninae,F,C,0.143942445,1.7207e-4,0.199410357,0.112216905,0.105
Dacnis_viguieri,Female,Dacninae,F,C,0.054767431,3.94e-5,0.174150837,0.140043535,0.142
Dacnis_viguieri,Male,Dacninae,F,C,0.093291303,1.32423e-4,0.234422794,0.102331218,0.142
Dubusia_castaneoventris,Female,Thraupinae,F,C,0.170773443,9.86e-5,0.139840143,0.121247471,0.022
Dubusia_castaneoventris,Male,Thraupinae,F,C,0.17739911,8.07e-5,0.150811012,0.123671065,0.022
Diglossa_albilatera,Female,Diglossinae,F,U,0.057911474,8.47e-6,0.195827472,0.122435927,0.106
Diglossa_albilatera,Male,Diglossinae,F,U,0.019266083,1.54e-7,0.146649106,0.018702134,0.106
Diglossa_baritula,Female,Diglossinae,F,U/C,0.039721755,1.66e-6,0.141363657,0.109361163,0.07
Diglossa_baritula,Male,Diglossinae,F,U/C,0.107068948,4.15e-6,0.106221923,0.083649997,0.07
Diglossa_brunneiventris,Female,Diglossinae,N,N,0.09216766,8.03e-6,0.111560896,0.094243773,0.013
Diglossa_brunneiventris,Male,Diglossinae,N,N,0.08839062,6.49e-6,0.111570959,0.083005398,0.013
Diglossa_caerulescens,Female,Diglossinae,F,C,0.023163539,6.62e-7,0.146104682,0.042697105,0.013
Diglossa_caerulescens,Male,Diglossinae,F,C,0.030650642,5.35e-7,0.15197101,0.035364599,0.013
Diglossa_carbonaria,Female,Diglossinae,N,N,0.050046409,6.3e-6,0.10039876,0.059255713,0.009
Diglossa_carbonaria,Male,Diglossinae,N,N,0.050094835,4.43e-6,0.095803474,0.059945449,0.009
Diglossa_cyanea,Female,Diglossinae,F,C,0.054621109,4.55e-6,0.110564266,0.054253262,0.023
Diglossa_cyanea,Male,Diglossinae,F,C,0.065365329,5.01e-6,0.120611418,0.063431692,0.023
Diglossa_duidae,Female,Diglossinae,-,-,0.022533742,6.14e-7,0.087627928,0.027104244,0.005
Diglossa_duidae,Male,Diglossinae,-,-,0.023838243,7.75e-7,0.085977396,0.027142207,0.005
Diglossa_gloriosa,Female,Diglossinae,N,N,0.097156821,1.81e-5,0.084152027,0.108312785,0.032
Diglossa_gloriosa,Male,Diglossinae,N,N,0.092961643,7.2e-6,0.080431538,0.077715391,0.032
Diglossa_humeralis,Female,Diglossinae,N,N,0.012264104,1.59e-7,0.067644538,0.05717451,0.021
Diglossa_humeralis,Male,Diglossinae,N,N,0.011092382,9.95e-8,0.065801671,0.037748972,0.021
Diglossa_indigotica,Female,Diglossinae,F,C,0.057030221,2.59e-5,0.069827396,0.06667123,0.081
Diglossa_indigotica,Male,Diglossinae,F,C,0.065885358,3.4e-5,0.069280299,0.071484868,0.081
Diglossa_lafresnayii,Female,Diglossinae,F,U/C,0.04069309,1.2e-6,0.075526606,0.032368599,0.02
Diglossa_lafresnayii,Male,Diglossinae,F,U/C,0.02939223,5.27e-7,0.074990194,0.03364951,0.02
Diglossa_major,Female,Diglossinae,F,C,0.046309227,4.04e-6,0.081039578,0.050961332,0.009
Diglossa_major,Male,Diglossinae,F,C,0.050827102,3.51e-6,0.086940016,0.044486845,0.009
Diglossa_mystacalis,Female,Diglossinae,F,U/C,0.080710501,2.05e-5,0.144576793,0.076658592,0.019
Diglossa_mystacalis,Male,Diglossinae,F,U/C,0.070870097,1.27e-5,0.145635529,0.07631774,0.019
Diglossa_plumbea,Female,Diglossinae,F,C,0.029077129,1.23e-6,0.145728671,0.097840039,0.082
Diglossa_plumbea,Male,Diglossinae,F,C,0.026929599,8.01e-7,0.108635626,0.025572992,0.082
Diglossa_sittoides,Female,Diglossinae,F,C,0.053776338,4.27e-6,0.165673265,0.119604509,0.042
Diglossa_sittoides,Male,Diglossinae,F,C,0.097493985,5.74e-6,0.154192912,0.108314207,0.042
Diglossa_venezuelensis,Female,Diglossinae,F,U/C,0.04637993,6.1e-6,0.139668426,0.083688144,0.047
Diglossa_venezuelensis,Male,Diglossinae,F,U/C,0.027944344,8.05e-7,0.105865719,0.039144359,0.047
Diuca_diuca,Female,Thraupinae,N,N,0.048816763,5.37e-6,0.210642179,0.085989835,0.014
Diuca_diuca,Male,Thraupinae,N,N,0.045853922,2.9e-6,0.20488473,0.089717885,0.014
Diuca_speculifera,Female,Diglossinae,N,N,0.037570316,1.34e-6,0.247956274,0.085967139,0.009
Diuca_speculifera,Male,Diglossinae,N,N,0.030636058,1.51e-6,0.234911192,0.086504165,0.009
Sporophila_fringilloides,Female,Sporophilinae,F,U,0.040389629,1.14e-6,0.135590168,0.110042282,0.053
Sporophila_fringilloides,Male,Sporophilinae,F,U,0.052441724,2.71e-6,0.187427382,0.065344323,0.053
Donacospiza_albifrons,Female,Poospizinae,N,N,0.05704094,7.78e-6,0.161917302,0.148099435,0.016
Donacospiza_albifrons,Male,Poospizinae,N,N,0.066302661,7.85e-6,0.149188763,0.155191516,0.016
Dubusia_taeniata,Female,Thraupinae,F,U,0.171086803,1.46319e-4,0.164048112,0.120704714,0.022
Dubusia_taeniata,Male,Thraupinae,F,U,0.178927176,9.42e-5,0.166876255,0.120302975,0.022
Emberizoides_duidae,Female,Emberizoidinae,N,N,0.06679337,2.05e-5,0.127940251,0.103453176,0.027
Emberizoides_duidae,Male,Emberizoidinae,N,N,0.056256084,3.38e-5,0.138508898,0.121787772,0.027
Embernagra_longicauda,Female,Emberizoidinae,N,N,0.051043562,3.16e-5,0.164147396,0.116910306,0.015
Embernagra_longicauda,Male,Emberizoidinae,N,N,0.053573249,4.78e-5,0.177398347,0.122066138,0.015
Embernagra_platensis,Female,Emberizoidinae,N,N,0.053769191,4.32e-5,0.147899472,0.132631002,0.011
Embernagra_platensis,Male,Emberizoidinae,N,N,0.055182155,4.44e-5,0.148533795,0.127606418,0.011
Emberizoides_ypiranganus,Female,Emberizoidinae,N,N,0.054994086,4.66e-5,0.175464796,0.130014584,0.013
Emberizoides_ypiranganus,Male,Emberizoidinae,N,N,0.052582358,3.95e-5,0.163572894,0.122048758,0.013
Eucometis_penicillata,Female,Tachyphoninae,F,U,0.102451553,8.23e-5,0.185138477,0.212344119,0.014
Eucometis_penicillata,Male,Tachyphoninae,F,U,0.101869062,7.42e-5,0.179323338,0.218014177,0.014
Euneornis_campestris,Female,Coerebinae,F,C,0.026164615,2.99e-6,0.167470719,0.088811582,0.116
Euneornis_campestris,Male,Coerebinae,F,C,0.093719169,8.25e-6,0.108250287,0.061370801,0.116
Geospiza_conirostris,Female,Coerebinae,N,N,0.019095384,6.07e-7,0.0992543,0.07625198,0.027
Geospiza_conirostris,Male,Coerebinae,N,N,0.013107804,3.59e-7,0.078062569,0.050981175,0.027
Geospiza_difficilis,Female,Coerebinae,N,N,0.029901713,7.96e-7,0.13732869,0.095615603,0.032
Geospiza_difficilis,Male,Coerebinae,N,N,0.032724588,1.32e-6,0.073072927,0.066877894,0.032
Geospiza_fuliginosa,Female,Coerebinae,N,N,0.021964242,9.43e-7,0.148097988,0.104507414,0.031
Geospiza_fuliginosa,Male,Coerebinae,N,N,0.017477453,4.46e-7,0.075580999,0.07505755,0.031
Geospiza_magnirostris,Female,Coerebinae,N,N,0.024622255,9.25e-7,0.134687575,0.107372229,0.041
Geospiza_magnirostris,Male,Coerebinae,N,N,0.020403368,4.91e-7,0.081177889,0.067397268,0.041
Geospiza_scandens,Female,Coerebinae,N,N,0.020116943,1.02e-6,0.150036605,0.099432981,0.04
Geospiza_scandens,Male,Coerebinae,N,N,0.02514932,5.9e-7,0.07427665,0.060623738,0.04
Gubernatrix_cristata,Female,Thraupinae,N,N,0.066739778,4e-5,0.218190264,0.112983741,0.053
Gubernatrix_cristata,Male,Thraupinae,N,N,0.090435441,1.44e-5,0.202071191,0.146365216,0.053
Haplospiza_rustica,Female,Diglossinae,F,U,0.017181428,9.34e-7,0.120969274,0.107816411,0.076
Haplospiza_rustica,Male,Diglossinae,F,U,0.018008201,2.93e-7,0.118590692,0.035197924,0.076
Haplospiza_unicolor,Female,Diglossinae,F,C,0.026438848,1.46e-6,0.151774309,0.118579593,0.077
Haplospiza_unicolor,Male,Diglossinae,F,C,0.019593687,5.29e-7,0.127111018,0.0485329,0.077
Hemispingus_atropileus,Female,Poospizinae,F,U,0.092343168,7.48e-5,0.152953328,0.166236071,0.018
Hemispingus_atropileus,Male,Poospizinae,F,U,0.097851552,1.02376e-4,0.139911755,0.164623009,0.018
Hemispingus_calophrys,Female,Poospizinae,F,U,0.09937982,3.37e-5,0.134361683,0.179009477,0.024
Hemispingus_calophrys,Male,Poospizinae,F,U,0.081705889,4.16e-5,0.140889889,0.18270143,0.024
Hemithraupis_flavicollis,Female,Hemithraupinae,F,C,0.076959138,1.17e-5,0.159644643,0.155158094,0.1
Hemithraupis_flavicollis,Male,Hemithraupinae,F,C,0.147944911,1.2569e-4,0.214860094,0.114661355,0.1
Hemispingus_frontalis,Female,Poospizinae,F,U,0.059159675,1.33e-5,0.131532221,0.177371586,0.021
Hemispingus_frontalis,Male,Poospizinae,F,U,0.054490832,1.29e-5,0.119188348,0.181906173,0.021
Hemispingus_goeringi,Female,Poospizinae,F,U,0.108772518,2.52e-5,0.114134118,0.123025661,0.015
Hemispingus_goeringi,Male,Poospizinae,F,U,0.102612383,3.07e-5,0.121113023,0.117577034,0.015
Hemithraupis_guira,Female,Hemithraupinae,F,C,0.063351044,4.01e-5,0.212414128,0.156719173,0.062
Hemithraupis_guira,Male,Hemithraupinae,F,C,0.119769274,1.88391e-4,0.175467473,0.191555823,0.062
Hemispingus_melanotis,Female,Poospizinae,F,U,0.084276383,1.46e-5,0.132899098,0.174533035,0.023
Hemispingus_melanotis,Male,Poospizinae,F,U,0.078891141,1.04e-5,0.138834396,0.156938519,0.023
Hemispingus_parodii,Female,Poospizinae,F,U,0.073856767,1.91e-5,0.139110113,0.187334986,0.021
Hemispingus_parodii,Male,Poospizinae,F,U,0.062983086,6.96e-6,0.14101776,0.185231507,0.021
Hemispingus_reyi,Female,Poospizinae,F,U,0.072120538,1.98e-5,0.11625683,0.186746273,0.038
Hemispingus_reyi,Male,Poospizinae,F,U,0.076407011,3.44e-5,0.112212412,0.179926827,0.038
Hemithraupis_ruficapilla,Female,Hemithraupinae,F,C,0.071244477,5.53e-5,0.181673736,0.154241295,0.056
Hemithraupis_ruficapilla,Male,Hemithraupinae,F,C,0.116316983,1.97462e-4,0.172076913,0.194678672,0.056
Hemispingus_rufosuperciliaris,Female,Poospizinae,F,U,0.111454157,1.04e-5,0.091956609,0.148286678,0.02
Hemispingus_rufosuperciliaris,Male,Poospizinae,F,U,0.10074327,1.43e-5,0.093387938,0.16566662099999999,0.02
Hemispingus_superciliaris,Female,Poospizinae,F,C,0.077115787,2.64e-5,0.207993187,0.130846432,0.014
Hemispingus_superciliaris,Male,Poospizinae,F,C,0.074324663,2.54e-5,0.185934062,0.133596193,0.014
Hemispingus_trifasciatus,Female,Poospizinae,F,C,0.069413591,1.75e-5,0.163392258,0.156036733,0.009
Hemispingus_trifasciatus,Male,Poospizinae,F,C,0.069137573,2.1e-5,0.162179386,0.152125315,0.009
Hemispingus_verticalis,Female,Poospizinae,F,C,0.037721886,2.62e-6,0.156475688,0.078948152,0.006
Hemispingus_verticalis,Male,Poospizinae,F,C,0.037855623,2.51e-6,0.147239423,0.078923649,0.006
Hemispingus_xanthophthalmus,Female,Poospizinae,F,C,0.0265406,1.29e-6,0.200042515,0.101741344,0.007
Hemispingus_xanthophthalmus,Male,Poospizinae,F,C,0.029690873,1.81e-6,0.203938011,0.097408432,0.007
Heterospingus_rubrifrons,Female,Hemithraupinae,F,U/C,0.073696542,1.65e-5,0.185753285,0.081820604,0.025
Heterospingus_rubrifrons,Male,Hemithraupinae,F,U/C,0.087684445,2.68e-5,0.191618218,0.084991454,0.025
Heterospingus_xanthopygius,Female,Hemithraupinae,F,C,0.071480216,5.97e-5,0.109055495,0.097843478,0.082
Heterospingus_xanthopygius,Male,Hemithraupinae,F,C,0.142537775,6.4749e-4,0.143608326,0.136909648,0.082
Idiopsar_brachyurus,Female,Diglossinae,N,N,0.016501626,2.19e-7,0.117616425,0.05338809,0.01
Idiopsar_brachyurus,Male,Diglossinae,N,N,0.019727887,5.11e-7,0.116853811,0.044763457,0.01
Incaspiza_laeta,Female,Porphyrospizinae,N,N,0.077113184,2.28e-5,0.205529385,0.098379177,0.014
Incaspiza_laeta,Male,Porphyrospizinae,N,N,0.075821085,2.16e-5,0.210481909,0.097056274,0.014
Incaspiza_ortizi,Female,Porphyrospizinae,N,N,0.05222832,5.13e-6,0.169109183,0.090140113,0.014
Incaspiza_ortizi,Male,Porphyrospizinae,N,N,0.050591378,6.02e-6,0.172056956,0.080320311,0.014
Incaspiza_personata,Female,Porphyrospizinae,N,N,0.057697724,1.6e-5,0.117288031,0.121795591,0.028
Incaspiza_personata,Male,Porphyrospizinae,N,N,0.067084859,3.29e-5,0.146023698,0.102442612,0.028
Incaspiza_pulchra,Female,Porphyrospizinae,N,N,0.060548441,1.93e-5,0.147967169,0.113227689,0.02
Incaspiza_pulchra,Male,Porphyrospizinae,N,N,0.075256391,2.61e-5,0.152770656,0.105338795,0.02
Incaspiza_watkinsi,Female,Porphyrospizinae,N,N,0.047309672999999997,1.22e-5,0.18909085,0.109238544,0.02
Incaspiza_watkinsi,Male,Porphyrospizinae,N,N,0.06066863,1.77e-5,0.200617893,0.091524603,0.02
Iridosornis_analis,Female,Thraupinae,F,U,0.125579756,2.79816e-4,0.122482479,0.122992633,0.016
Iridosornis_analis,Male,Thraupinae,F,U,0.13252746,4.62266e-4,0.129131281,0.118979033,0.016
Iridosornis_jelskii,Female,Thraupinae,F,U/C,0.166821805,2.3111e-4,0.089287785,0.12770442,0.017
Iridosornis_jelskii,Male,Thraupinae,F,U/C,0.189296254,3.28441e-4,0.08851545,0.140190042,0.017
Iridosornis_porphyrocephalus,Female,Thraupinae,F,U,0.124946681,3.41605e-4,0.112109932,0.114790472,0.027
Iridosornis_porphyrocephalus,Male,Thraupinae,F,U,0.134534473,6.07512e-4,0.120143124,0.106475038,0.027
Iridophanes_pulcherrimus,Female,Hemithraupinae,F,C,0.079651616,1.69e-4,0.149105967,0.142969459,0.09
Iridophanes_pulcherrimus,Male,Hemithraupinae,F,C,0.161463889,2.2507e-4,0.175585449,0.118354333,0.09
Iridosornis_reinhardti,Female,Thraupinae,F,U,0.166711694,4.95579e-4,0.102493597,0.098982875,0.017
Iridosornis_reinhardti,Male,Thraupinae,F,U,0.165501325,6.24993e-4,0.108121441,0.102410165,0.017
Iridosornis_rufivertex,Female,Thraupinae,F,U,0.20079626,4.39936e-4,0.088932823,0.13370777,0.014
Iridosornis_rufivertex,Male,Thraupinae,F,U,0.20719797,5.48341e-4,0.103353708,0.138565612,0.014
Lanio_aurantius,Female,Tachyphoninae,F,C,0.109253652,1.48522e-4,0.106923517,0.182686241,0.083
Lanio_aurantius,Male,Tachyphoninae,F,C,0.180920177,1.97154e-4,0.172795949,0.175509009,0.083
Lanio_fulvus,Female,Tachyphoninae,F,C,0.139427069,6.66e-5,0.081625542,0.183034306,0.113
Lanio_fulvus,Male,Tachyphoninae,F,C,0.188666806,5.36e-5,0.106941751,0.175271663,0.113
Lanio_leucothorax,Female,Tachyphoninae,F,C,0.083439522,6.6e-5,0.09221593,0.179026598,0.101
Lanio_leucothorax,Male,Tachyphoninae,F,C,0.118102741,1.84661e-4,0.178258399,0.109889872,0.101
Lanio_versicolor,Female,Tachyphoninae,F,C,0.078971468,2.34e-5,0.096446337,0.219290386,0.099
Lanio_versicolor,Male,Tachyphoninae,F,C,0.176361437,1.76652e-4,0.149084737,0.168118565,0.099
Lophospingus_griseocristatus,Female,Thraupinae,N,N,0.026262321,1.14e-6,0.220022066,0.060659085,0.006
Lophospingus_griseocristatus,Male,Thraupinae,N,N,0.02785887,1.23e-6,0.225634523,0.061388735,0.006
Lophospingus_pusillus,Female,Thraupinae,N,N,0.031326534,2e-6,0.21370214,0.114758231,0.034
Lophospingus_pusillus,Male,Thraupinae,N,N,0.039514237,3.86e-6,0.222691893,0.081696085,0.034
Loxipasser_anoxanthus,Female,Coerebinae,F,U,0.057766682,5.11e-5,0.125290126,0.127043288,0.046
Loxipasser_anoxanthus,Male,Coerebinae,F,U,0.105994968,1.0149e-4,0.092958183,0.122909635,0.046
Loxigilla_noctis,Female,Coerebinae,F,C,0.047549625,7.04e-6,0.121165059,0.130943413,0.105
Loxigilla_noctis,Male,Coerebinae,F,C,0.109094495,4.08e-6,0.05341488,0.059669156,0.105
Loxigilla_portoricensis,Female,Coerebinae,F,C,0.199906224,9.01e-6,0.07365116,0.113971355,0.009
Loxigilla_portoricensis,Male,Coerebinae,F,C,0.206811799,4.63e-6,0.065510929,0.116000813,0.009
Loxigilla_violacea,Female,Coerebinae,F,C,0.150252939,1.83e-5,0.071391987,0.105992072,0.013
Loxigilla_violacea,Male,Coerebinae,F,C,0.178049874,1.41e-5,0.061747923,0.101443725,0.013
Melanodera_melanodera,Female,Diglossinae,N,N,0.037346436,1.08e-5,0.151578847,0.128495334,0.038
Melanodera_melanodera,Male,Diglossinae,N,N,0.057914984,3.19e-5,0.178148212,0.115524834,0.038
Melopyrrha_nigra,Female,Coerebinae,F,U,0.02036956,7.63e-7,0.122989808,0.082069595,0.067
Melopyrrha_nigra,Male,Coerebinae,F,U,0.039857801,1.07e-6,0.08936621,0.015783306,0.067
Melanospiza_richardsoni,Female,Coerebinae,F,U,0.043367425,4.94e-6,0.089172349,0.159778845,0.147
Melanospiza_richardsoni,Male,Coerebinae,F,U,0.054126641,0,0.045164715,0.012629881,0.147
Melanodera_xanthogramma,Female,Diglossinae,N,N,0.0334727,4.93e-6,0.155133684,0.131160038,0.038
Melanodera_xanthogramma,Male,Diglossinae,N,N,0.047096908,1.58e-5,0.166131911,0.120293529,0.038
Nemosia_pileata,Female,Nemosiinae,F,C,0.071527171,2.09e-5,0.254794896,0.070190497,0.032
Nemosia_pileata,Male,Nemosiinae,F,C,0.063175315,9.88e-6,0.244942219,0.05476637,0.032
Neothraupis_fasciata,Female,Thraupinae,N,N,0.028577959,1.27e-6,0.241507181,0.070807332,0.023
Neothraupis_fasciata,Male,Thraupinae,N,N,0.039825693,2.37e-6,0.230014472,0.052597394,0.023
Nephelornis_oneilli,Female,Poospizinae,F,U,0.043237606,1.42e-6,0.10875448,0.145203958,0.008
Nephelornis_oneilli,Male,Poospizinae,F,U,0.041680925,1.87e-6,0.107008309,0.142143609,0.008
Nesospiza_acunhae,Female,Diglossinae,-,-,0.039416227,5.32e-6,0.14923364,0.131010505,0.018
Nesospiza_acunhae,Male,Diglossinae,-,-,0.044245041,3.6e-6,0.152417243,0.145932928,0.018
Orchesticus_abeillei,Female,Orchesticinae,F,C,0.05156678,1.95e-5,0.136735209,0.202561125,0.028
Orchesticus_abeillei,Male,Orchesticinae,F,C,0.068752816,4.96e-5,0.137578846,0.186614894,0.028
Oreomanes_fraseri,Female,Diglossinae,F,U/C,0.102544336,1.34e-5,0.116694732,0.128080633,0.015
Oreomanes_fraseri,Male,Diglossinae,F,U/C,0.098666031,9.32e-6,0.112803276,0.115827473,0.015
Sporophila_angolensis,Female,Sporophilinae,N,N,0.069301486,2.06e-6,0.08366615,0.154667041,0.129
Sporophila_angolensis,Male,Sporophilinae,N,N,0.065687338,1.47e-6,0.049982753,0.02819716,0.129
Sporophila_crassirostris,Female,Sporophilinae,N,N,0.063560544,2.66e-6,0.121664519,0.14825567,0.111
Sporophila_crassirostris,Male,Sporophilinae,N,N,0.029552521000000002,1.27e-6,0.104643274,0.042011537,0.111
Sporophila_funerea,Female,Sporophilinae,N,N,0.059910334,1.23e-6,0.092136852,0.151005641,0.115
Sporophila_funerea,Male,Sporophilinae,N,N,0.037714441,1.98e-6,0.080052405,0.037833559,0.115
Sporophila_maximiliani,Female,Sporophilinae,N,N,0.050259784,1.7e-6,0.090825157,0.143291118,0.122
Sporophila_maximiliani,Male,Sporophilinae,N,N,0.059340709,9.42e-8,0.048565235,0.021856134,0.122
Sporophila_nuttingi,Female,Sporophilinae,N,N,0.054252954,1.68e-6,0.084984119,0.162767656,0.124
Sporophila_nuttingi,Male,Sporophilinae,N,N,0.052519175,2.75e-7,0.054068144,0.039128318,0.124
Paroaria_baeri,Male,Thraupinae,N,N,0.043502548,1.12e-5,0.20089243,0.043471282,NA
Paroaria_capitata,Female,Thraupinae,N,N,0.111544356,3.15e-5,0.233602194,0.073708106,0.016
Paroaria_capitata,Male,Thraupinae,N,N,0.123845273,6.88e-5,0.227599136,0.077049455,0.016
Paroaria_coronata,Female,Thraupinae,N,N,0.156867849,8.45e-5,0.208422351,0.136167633,0.012
Paroaria_coronata,Male,Thraupinae,N,N,0.148656082,1.05637e-4,0.207234842,0.134803006,0.012
Paroaria_dominicana,Female,Thraupinae,N,N,0.134367566,6.37e-5,0.211750239,0.122948665,0.015
Paroaria_dominicana,Male,Thraupinae,N,N,0.12392682,5.07e-5,0.215903072,0.117733193,0.015
Paroaria_gularis,Female,Thraupinae,N,N,0.091690384,5.1e-5,0.21218454,0.090555821,0.012
Paroaria_gularis,Male,Thraupinae,N,N,0.09291843,3.85e-5,0.212506699,0.085295855,0.012
Parkerthraustes_humeralis,Female,Orchesticinae,F,C,0.088979717,8.2e-5,0.170920082,0.133372964,0.022
Parkerthraustes_humeralis,Male,Orchesticinae,F,C,0.102051907,1.28177e-4,0.158991165,0.129781662,0.022
Paroaria_nigrogenis,Female,Thraupinae,-,-,0.138322294,7.05e-5,0.17317166,0.118436308,0.02
Paroaria_nigrogenis,Male,Thraupinae,-,-,0.127795487,6.46e-5,0.170067034,0.101600439,0.02
Phrygilus_alaudinus,Female,Porphyrospizinae,N,N,0.041108829,8.31e-6,0.193419943,0.10315794,0.054
Phrygilus_alaudinus,Male,Porphyrospizinae,N,N,0.043260997,3.33e-6,0.196200445,0.053796679,0.054
Phrygilus_atriceps,Female,Diglossinae,N,N,0.111888632,1.07491e-4,0.137327178,0.150572892,0.032
Phrygilus_atriceps,Male,Diglossinae,N,N,0.139124815,1.75003e-4,0.141337031,0.136884264,0.032
Phrygilus_carbonarius,Female,Porphyrospizinae,N,N,0.033243593,1.6e-6,0.149365654,0.115431476,0.061
Phrygilus_carbonarius,Male,Porphyrospizinae,N,N,0.01826977,3.15e-7,0.084289623,0.055614696,0.061
Phrygilus_dorsalis,Female,Diglossinae,N,N,0.034293175,3.64e-6,0.180412929,0.07936739,0.012
Phrygilus_dorsalis,Male,Diglossinae,N,N,0.045209035,6.58e-6,0.198679479,0.075152949,0.012
Phrygilus_erythronotus,Female,Diglossinae,N,N,0.036141386,2.34e-6,0.162161691,0.083960287,0.015
Phrygilus_erythronotus,Male,Diglossinae,N,N,0.041598084,2.13e-6,0.170762317,0.074939018,0.015
Phrygilus_fruticeti,Female,Porphyrospizinae,N,N,0.034266367,3.22e-6,0.114794075,0.089711803,0.04
Phrygilus_fruticeti,Male,Porphyrospizinae,N,N,0.044330037,3.33e-6,0.096910997,0.053909459,0.04
Phrygilus_patagonicus,Female,Diglossinae,F,U,0.093755493,5.06e-5,0.153597254,0.122311663,0.011
Phrygilus_patagonicus,Male,Diglossinae,F,U,0.09740537,5.2e-5,0.151201451,0.119124212,0.011
Phrygilus_plebejus,Female,Diglossinae,N,N,0.031605443,1.5e-6,0.178690197,0.078108892,0.013
Phrygilus_plebejus,Male,Diglossinae,N,N,0.030363795,1.09e-6,0.18066417,0.082652175,0.013
Phrygilus_punensis,Female,Diglossinae,N,N,0.104023983,7.57e-5,0.123658398,0.12236303,0.025
Phrygilus_punensis,Male,Diglossinae,N,N,0.128392919,8.29e-5,0.115671458,0.130523103,0.025
Phrygilus_unicolor,Female,Diglossinae,N,N,0.020378949,2.15e-7,0.117724014,0.03588306,0.011
Phrygilus_unicolor,Male,Diglossinae,N,N,0.01664436,1.1e-7,0.110008976,0.025519705,0.011
Piezorina_cinerea,Female,Poospizinae,N,N,0.021248495,6.69e-7,0.221919821,0.087145834,0.012
Piezorina_cinerea,Male,Poospizinae,N,N,0.029190957,7.35e-7,0.20847442,0.087466471,0.012
Pinaroloxias_inornata,Female,Coerebinae,F,U/C,0.037863047,3.39e-6,0.14943242,0.095400445,0.048
Pinaroloxias_inornata,Male,Coerebinae,F,U/C,0.025197444,5.82e-7,0.065503893999999993,0.047692117,0.048
Pipraeidea_melanonota,Female,Thraupinae,F,C,0.098845482,2.71e-5,0.167179485,0.118179387,0.094
Pipraeidea_melanonota,Male,Thraupinae,F,C,0.206891593,1.34569e-4,0.206767387,0.15251443,0.094
Platyspiza_crassirostris,Female,Coerebinae,F,U/C,0.027598598,1.42e-6,0.143901956,0.135623947,0.027
Platyspiza_crassirostris,Male,Coerebinae,F,U/C,0.037198639,2.17e-6,0.137218559,0.111937728,0.027
Poospiza_alticola,Female,Poospizinae,F,U,0.066771058,3.12e-5,0.173839437,0.113562711,0.016
Poospiza_alticola,Male,Poospizinae,F,U,0.070220166,3.71e-5,0.164778108,0.115512263,0.016
Poospiza_boliviana,Female,Poospizinae,N,N,0.056815503,2.75e-5,0.213009319,0.110295699,0.013
Poospiza_boliviana,Male,Poospizinae,N,N,0.050376496,1.95e-5,0.223278746,0.112761594,0.013
Poospiza_cabanisi,Female,Poospizinae,-,-,0.095505056,8.02e-5,0.165452705,0.133469035,0.014
Poospiza_cabanisi,Male,Poospizinae,-,-,0.105734711,8.62e-5,0.153465023,0.130590741,0.014
Poospiza_caesar,Female,Poospizinae,N,N,0.095099459,6.36e-5,0.125088128,0.10606517,0.016
Poospiza_caesar,Male,Poospizinae,N,N,0.090781173,2.86e-5,0.134543193,0.099650967,0.016
Poospiza_cinerea,Female,Poospizinae,N,N,0.043825957,1.85e-6,0.25025443000000003,0.068006711,0.011
Poospiza_cinerea,Male,Poospizinae,N,N,0.039314663,1.22e-6,0.255099832,0.063995068,0.011
Poospiza_erythrophrys,Female,Poospizinae,F,C,0.08227811,1.76e-5,0.168634654,0.127388586,0.015
Poospiza_erythrophrys,Male,Poospizinae,F,C,0.081118404,1.31e-5,0.163067825,0.122001968,0.015
Poospiza_hispaniolensis,Female,Poospizinae,N,N,0.036882416,5.67e-6,0.190223488,0.099629728,0.045
Poospiza_hispaniolensis,Male,Poospizinae,N,N,0.044499267,4.66e-6,0.189556824,0.075429382,0.045
Poospiza_hypochondria,Female,Poospizinae,N,N,0.063122991,1.96e-5,0.190334097,0.13357862,0.008
Poospiza_hypochondria,Male,Poospizinae,N,N,0.05566727,1.27e-5,0.191875012,0.132212074,0.008
Poospiza_melanoleuca,Female,Poospizinae,N,N,0.034870788,1.77e-6,0.263930127,0.073204729,0.026
Poospiza_melanoleuca,Male,Poospizinae,N,N,0.032214158,1.14e-6,0.305535285,0.048432441,0.026
Poospiza_nigrorufa,Female,Poospizinae,N,N,0.062299427,1.5e-5,0.17152753,0.10901308,0.012
Poospiza_nigrorufa,Male,Poospizinae,N,N,0.063627287,1.8e-5,0.163035546,0.116396809,0.012
Poospiza_ornata,Female,Poospizinae,N,N,0.075241336,2.57e-5,0.212940955,0.125191388,0.036
Poospiza_ornata,Male,Poospizinae,N,N,0.081413816,1.75e-5,0.190679464,0.133319008,0.036
Poospiza_rubecula,Male,Poospizinae,N,N,0.121658761,1.51e-5,0.095104268,0.172436061,NA
Poospiza_thoracica,Female,Poospizinae,F,C,0.060815567,3.01e-5,0.159655739,0.129182672,0.01
Poospiza_thoracica,Male,Poospizinae,F,C,0.059698742,2.48e-5,0.163998688,0.127337279,0.01
Poospiza_torquata,Female,Poospizinae,N,N,0.033334597,3.03e-6,0.204439518,0.101041574,0.024
Poospiza_torquata,Male,Poospizinae,N,N,0.060895205,1.59e-5,0.19255915,0.095881421,0.024
Poospiza_whitii,Female,Poospizinae,N,N,0.057418312,2.85e-5,0.17263504,0.099099906,0.012
Poospiza_whitii,Male,Poospizinae,N,N,0.06017189,3.33e-5,0.170424573,0.096649696,0.012
Porphyrospiza_caerulescens,Female,Porphyrospizinae,-,-,0.028791235,1.67e-6,0.145137945,0.095236743,0.146
Porphyrospiza_caerulescens,Male,Porphyrospizinae,-,-,0.08130641,4.1e-6,0.109939875,0.07424772,0.146
Pyrrhocoma_ruficeps,Female,Poospizinae,F,U,0.040997379,5.93e-6,0.129643543,0.132757771,0.072
Pyrrhocoma_ruficeps,Male,Poospizinae,F,U,0.084292999,1.21e-5,0.095305354,0.083905994,0.072
Ramphocelus_bresilius,Female,Tachyphoninae,F,U,0.071646185,9.54e-6,0.122000182,0.167523233,0.116
Ramphocelus_bresilius,Male,Tachyphoninae,F,U,0.139326085,1.47e-5,0.100661836,0.234496434,0.116
Ramphocelus_carbo,Female,Tachyphoninae,F,U/C,0.136558182,7.8e-6,0.055655764,0.114792955,0.115
Ramphocelus_carbo,Male,Tachyphoninae,F,U/C,0,0,0.028385909,0,0.115
Ramphocelus_costaricensis,Female,Tachyphoninae,-,-,0.098081818,7.4e-5,0.099486032,0.165935622,0.17
Ramphocelus_costaricensis,Male,Tachyphoninae,-,-,0.503953051,0,0.041215651,0.055994783,0.17
Ramphocelus_dimidiatus,Female,Tachyphoninae,F,U,0.085137105,1.09e-5,0.092188791,0.173093978,0.072
Ramphocelus_dimidiatus,Male,Tachyphoninae,F,U,0.12943017,1.73e-5,0.076732912,0.224894318,0.072
Ramphocelus_flammigerus,Female,Tachyphoninae,F,U/C,0.173207278,2.84e-5,0.166433873,0.174186808,0.144
Ramphocelus_flammigerus,Male,Tachyphoninae,F,U/C,0.36235616,0,0.049815573,0.040261796,0.144
Ramphocelus_melanogaster,Female,Tachyphoninae,F,U,0.13426023,2.73e-5,0.06103956,0.174507573,0.127
Ramphocelus_melanogaster,Male,Tachyphoninae,F,U,0.368984726,2.31e-6,0.048275267,0.139883799,0.127
Ramphocelus_nigrogularis,Female,Tachyphoninae,F,U/C,0.303682738,2.37e-5,0.059244833,0.147706434,0.051
Ramphocelus_nigrogularis,Male,Tachyphoninae,F,U/C,0.482706876,6.63e-7,0.049995547,0.186960174,0.051
Ramphocelus_passerinii,Female,Tachyphoninae,F,U/C,0.103725172,4.31e-5,0.087248184,0.160816814,0.17
Ramphocelus_passerinii,Male,Tachyphoninae,F,U/C,0.565661306,0,0.036654325,0.062851256,0.17
Ramphocelus_sanguinolentus,Female,Tachyphoninae,F,U,0.302720479,1.25e-5,0.053745707,0.199007086,0.019
Ramphocelus_sanguinolentus,Male,Tachyphoninae,F,U,0.326557065,2.35e-5,0.05558876,0.214610586,0.019
Rhodospingus_cruentus,Female,Tachyphoninae,F,U,0.037173675,8.26e-6,0.190911299,0.143848062,0.127
Rhodospingus_cruentus,Male,Tachyphoninae,F,U,0.151726315,1.70978e-4,0.165268741,0.163698272,0.127
Rowettia_goughensis,Male,Diglossinae,-,-,0.043245173,8.52e-6,0.142376868,0.106236541,NA
Saltator_albicollis,Female,Saltatorinae,F,C,0.038800046,1.42e-5,0.184976207,0.116500418,0.009
Saltator_albicollis,Male,Saltatorinae,F,C,0.040305624,1.85e-5,0.165461498,0.118051507,0.009
Saltator_atriceps,Female,Saltatorinae,F,U/C,0.130485245,1.28724e-4,0.118004796,0.118060244,0.018
Saltator_atriceps,Male,Saltatorinae,F,U/C,0.115688832,1.33255e-4,0.128890459,0.111687861,0.018
Saltator_atricollis,Female,Saltatorinae,N,N,0.083680164,1.33e-5,0.142132208,0.111281768,0.018
Saltator_atricollis,Male,Saltatorinae,N,N,0.069210624,1.11e-5,0.140704887,0.11658384,0.018
Saltator_atripennis,Female,Saltatorinae,F,C,0.099077501,7.64e-5,0.155237774,0.108326044,0.019
Saltator_atripennis,Male,Saltatorinae,F,C,0.08353811,8.05e-5,0.17535704,0.104357777,0.019
Saltator_aurantiirostris,Female,Saltatorinae,F,U/C,0.06011418,7.52e-6,0.186440562,0.100164702,0.028
Saltator_aurantiirostris,Male,Saltatorinae,F,U/C,0.068388244,1.25e-5,0.199835331,0.076571073,0.028
Saltator_cinctus,Female,Saltatorinae,F,U/C,0.035304801,1.31e-6,0.148426757,0.031191435,0.011
Saltator_cinctus,Male,Saltatorinae,F,U/C,0.028920938,7.6e-7,0.154619578,0.031132924,0.011
Saltator_coerulescens,Female,Saltatorinae,N,N,0.059431768,7.67e-6,0.138287686,0.089992837,0.014
Saltator_coerulescens,Male,Saltatorinae,N,N,0.066367423,9.15e-6,0.158127729,0.079451464,0.014
Saltator_fuliginosus,Female,Saltatorinae,-,-,0.016662613,3.24e-7,0.084672106,0.063268416,0.014
Saltator_fuliginosus,Male,Saltatorinae,-,-,0.018276324,3.14e-7,0.080073753,0.063484085,0.014
Saltator_grossus,Female,Saltatorinae,-,-,0.040110952,1.36e-6,0.09692409,0.054620739,0.035
Saltator_grossus,Male,Saltatorinae,-,-,0.033365015,1.8e-6,0.105093077,0.025051649,0.035
Saltator_maxillosus,Female,Saltatorinae,F,C,0.059477882,1.09e-5,0.163489582,0.128479507,0.013
Saltator_maxillosus,Male,Saltatorinae,F,C,0.065863255,7.69e-6,0.159782483,0.12840087,0.013
Saltator_maximus,Female,Saltatorinae,F,C,0.085798069,1.1335e-4,0.145919308,0.129661305,0.016
Saltator_maximus,Male,Saltatorinae,F,C,0.071104876,6.26e-5,0.168111804,0.123639765,0.016
Saltatricula_multicolor,Female,Saltatorinae,N,N,0.053494556,1.19e-5,0.276560035,0.092410306,0.016
Saltatricula_multicolor,Male,Saltatorinae,N,N,0.047451651,9.01e-6,0.297475723,0.080163686,0.016
Saltator_nigriceps,Female,Saltatorinae,F,U/C,0.049518698,3.05e-6,0.145427023,0.074292842,0.011
Saltator_nigriceps,Male,Saltatorinae,F,U/C,0.05597783,6.16e-6,0.13983326,0.071286359999999993,0.011
Saltator_orenocensis,Female,Saltatorinae,N,N,0.064819981,9.57e-6,0.198783029,0.107402438,0.012
Saltator_orenocensis,Male,Saltatorinae,N,N,0.058970301,6.38e-6,0.222176605,0.10166688,0.012
Saltator_rufiventris,Female,Thraupinae,F,U/C,0.085081151,3.4e-6,0.144140477,0.104568749,0.018
Saltator_rufiventris,Male,Thraupinae,F,U/C,0.098347752,1.93e-5,0.172640831,0.103390194,0.018
Saltator_similis,Female,Saltatorinae,F,C,0.052268201,4.01e-5,0.175867429,0.098960665,0.012
Saltator_similis,Male,Saltatorinae,F,C,0.055733046,5.47e-5,0.185640634,0.100562704,0.012
Saltator_striatipectus,Female,Saltatorinae,-,-,0.041851134,1.07e-5,0.224181784,0.10339468,0.009
Saltator_striatipectus,Male,Saltatorinae,-,-,0.039268225,1.63e-5,0.224120858,0.104925583,0.009
Schistochlamys_melanopis,Female,Thraupinae,F,U/C,0.034394733,1.45e-6,0.16132117,0.115680446,0.081
Schistochlamys_melanopis,Male,Thraupinae,F,U/C,0.02910663,1.26e-6,0.158368151,0.046117587,0.081
Schistochlamys_ruficapillus,Female,Thraupinae,F,U/C,0.092005199,1.85e-5,0.159794096,0.101655032,0.029
Schistochlamys_ruficapillus,Male,Thraupinae,F,U/C,0.085876291,1.62e-5,0.153824387,0.119715529,0.029
Sericossypha_albocristata,Female,Nemosiinae,F,C,0.04364516,1.22e-5,0.103932821,0.022926039,0.031
Sericossypha_albocristata,Male,Nemosiinae,F,C,0.111754928,7.32e-5,0.111065722,0.045663444,0.031
Sicalis_auriventris,Female,Diglossinae,N,N,0.037069892,1.18e-5,0.199730472,0.16137746,0.051
Sicalis_auriventris,Male,Diglossinae,N,N,0.069781277,5.13e-6,0.194495844,0.180583503,0.051
Sicalis_citrina,Female,Diglossinae,N,N,0.064619308,2.81e-5,0.188085085,0.119149693,0.032
Sicalis_citrina,Male,Diglossinae,N,N,0.085465162,1.67e-5,0.207834231,0.132658385,0.032
Sicalis_columbiana,Female,Diglossinae,N,N,0.076357449,5.85e-5,0.236511067,0.199380062,0.046
Sicalis_columbiana,Male,Diglossinae,N,N,0.098056588,1.22355e-4,0.227415864,0.236728925,0.046
Sicalis_flaveola,Female,Diglossinae,N,N,0.031602522,1.06e-5,0.192304755,0.124370791,0.092
Sicalis_flaveola,Male,Diglossinae,N,N,0.086033337,5.96e-5,0.179701209,0.18997734,0.092
Sicalis_lebruni,Female,Diglossinae,N,N,0.030747271,5.59e-6,0.231138854,0.117604984,0.039
Sicalis_lebruni,Male,Diglossinae,N,N,0.05311157,7.28e-6,0.218210746,0.13913275,0.039
Sicalis_lutea,Female,Diglossinae,N,N,0.058901577,1.58e-5,0.181608791,0.174100874,0.048
Sicalis_lutea,Male,Diglossinae,N,N,0.072843749,1.04e-5,0.191997447,0.216979916,0.048
Sicalis_luteocephala,Female,Diglossinae,N,N,0.074627339,4.73e-5,0.155093319,0.170624826,0.023
Sicalis_luteocephala,Male,Diglossinae,N,N,0.091085171,2.07e-5,0.148404767,0.179021882,0.023
Sicalis_luteola,Female,Diglossinae,N,N,0.060120094,1.47e-5,0.17843454,0.15123793,0.027
Sicalis_luteola,Male,Diglossinae,N,N,0.069916936,5.31e-6,0.183972206,0.165068847,0.027
Sicalis_luteiventris,Female,Diglossinae,-,-,0.044832247,1.59e-5,0.201140415,0.137756654,0.019
Sicalis_luteiventris,Male,Diglossinae,-,-,0.061615872,2.06e-5,0.196918787,0.144210809,0.019
Sicalis_olivascens,Female,Diglossinae,N,N,0.051814342,6.55e-6,0.137908231,0.164707404,0.031
Sicalis_olivascens,Male,Diglossinae,N,N,0.071362155,4.8e-6,0.135785948,0.177067931,0.031
Sicalis_raimondii,Female,Diglossinae,N,N,0.018663773,2.7e-6,0.19338752,0.117910351,0.046
Sicalis_raimondii,Male,Diglossinae,N,N,0.061939526,2.41e-5,0.202286277,0.125805172,0.046
Sicalis_taczanowskii,Female,Diglossinae,N,N,0.028494386,1.18e-5,0.236485723,0.121537678,0.013
Sicalis_taczanowskii,Male,Diglossinae,N,N,0.026353013,8.8e-6,0.24249226,0.109252629,0.013
Sicalis_uropygialis,Female,Diglossinae,N,N,0.067199226,2.22e-5,0.161375261,0.150058802,0.04
Sicalis_uropygialis,Male,Diglossinae,N,N,0.107794298,4.77e-5,0.157609573,0.150794819,0.04
Sporophila_albogularis,Female,Sporophilinae,N,N,0.038450473,4.43e-6,0.202661143,0.128888167,0.051
Sporophila_albogularis,Male,Sporophilinae,N,N,0.024007944,9.5e-7,0.202361867,0.080619828,0.051
Sporophila_americana,Female,Sporophilinae,N,N,0.04520067,3.63e-6,0.134363799,0.131649489,0.09
Sporophila_americana,Male,Sporophilinae,N,N,0.036849832,1.73e-6,0.17194504,0.04664929,0.09
Sporophila_ardesiaca,Female,Sporophilinae,-,-,0.056496066,6.61e-6,0.169165842,0.152176479,0.08
Sporophila_ardesiaca,Male,Sporophilinae,-,-,0.046269306,8.09e-6,0.162450746,0.093528216,0.08
Sporophila_bouvreuil,Female,Sporophilinae,N,N,0.082377553,8.34e-6,0.171157933,0.136435496,0.048
Sporophila_bouvreuil,Male,Sporophilinae,N,N,0.09757253,1.22e-5,0.166207825,0.143719682,0.048
Sporophila_bouvronides,Female,Sporophilinae,N,N,0.044837549,1.33e-5,0.175251185,0.152435358,0.098
Sporophila_bouvronides,Male,Sporophilinae,N,N,0.044649389,5.13e-6,0.219619625,0.064304115,0.098
Sporophila_caerulescens,Female,Sporophilinae,N,N,0.032697346,2.64e-6,0.217148058,0.117125212,0.044
Sporophila_caerulescens,Male,Sporophilinae,N,N,0.027833568,6.66e-7,0.19806156,0.093749306,0.044
Sporophila_castaneiventris,Female,Sporophilinae,N,N,0.039841206,3.89e-6,0.171609022,0.148266181,0.09
Sporophila_castaneiventris,Male,Sporophilinae,N,N,0.090532514,1.12e-5,0.104190905,0.095284169,0.09
Sporophila_cinnamomea,Female,Sporophilinae,N,N,0.054849549,1.94e-5,0.179618683,0.136412249,0.05
Sporophila_cinnamomea,Male,Sporophilinae,N,N,0.068977189,6.69e-6,0.126042101,0.128028968,0.05
Sporophila_collaris,Female,Sporophilinae,N,N,0.059888719,5.96e-6,0.178959964,0.148571498,0.064
Sporophila_collaris,Male,Sporophilinae,N,N,0.118950313,2.76e-5,0.173973485,0.113682501,0.064
Sporophila_corvina,Female,Sporophilinae,-,-,0.040350656,5.8e-7,0.116120216,0.1207261,0.061
Sporophila_corvina,Male,Sporophilinae,-,-,0.017558128,4.41e-7,0.097888477,0.062797777,0.061
Sporophila_frontalis,Female,Sporophilinae,F,U,0.030777796,3.23e-6,0.129351436,0.145870323,0.025
Sporophila_frontalis,Male,Sporophilinae,F,U,0.031285291,4.82e-6,0.138670128,0.126475571,0.025
Sporophila_hypoxantha,Female,Sporophilinae,N,N,0.056137103,5.25e-6,0.216761296,0.135459204,0.035
Sporophila_hypoxantha,Male,Sporophilinae,N,N,0.082403758,1.1e-5,0.194054402,0.13911344,0.035
Sporophila_leucoptera,Female,Sporophilinae,N,N,0.053854579,5.27e-6,0.162008763,0.13939919,0.084
Sporophila_leucoptera,Male,Sporophilinae,N,N,0.040608376,2.25e-6,0.238838619,0.062238918,0.084
Sporophila_lineola,Female,Sporophilinae,N,N,0.029914183,4.13e-6,0.184275176,0.144756054,0.052
Sporophila_lineola,Male,Sporophilinae,N,N,0.029589526,2.18e-6,0.230662256,0.101378733,0.052
Sporophila_luctuosa,Female,Sporophilinae,N,N,0.033828065,4.12e-6,0.162297176,0.130860846,0.093
Sporophila_luctuosa,Male,Sporophilinae,N,N,0.046365425,2.46e-6,0.184140688,0.04616143,0.093
Sporophila_minuta,Female,Sporophilinae,N,N,0.042085039,2.44e-6,0.188264411,0.136131711,0.068
Sporophila_minuta,Male,Sporophilinae,N,N,0.100783835,9.78e-6,0.150815313,0.166582166,0.068
Sporophila_nigricollis,Female,Sporophilinae,N,N,0.047441672,5.1e-6,0.152126041,0.130791058,0.067
Sporophila_nigricollis,Male,Sporophilinae,N,N,0.032717338,4.07e-6,0.186223486,0.076064245,0.067
Sporophila_peruviana,Female,Sporophilinae,N,N,0.034129786,3.13e-6,0.236794809,0.107259635,0.036
Sporophila_peruviana,Male,Sporophilinae,N,N,0.024323012,8.3e-7,0.246692564,0.081046115,0.036
Sporophila_plumbea,Female,Sporophilinae,N,N,0.042961818,1.1e-6,0.169456678,0.141771641,0.07
Sporophila_plumbea,Male,Sporophilinae,N,N,0.022312948,5.29e-7,0.238991857,0.078184606,0.07
Sporophila_ruficollis,Female,Sporophilinae,N,N,0.05009449,3.99e-6,0.201054521,0.149649894,0.044
Sporophila_ruficollis,Male,Sporophilinae,N,N,0.075674397,4.98e-6,0.150397504,0.136715757,0.044
Sporophila_schistacea,Female,Sporophilinae,F,U,0.036534264,9.46e-6,0.173572702,0.124041213,0.079
Sporophila_schistacea,Male,Sporophilinae,F,U,0.024954762,7.13e-7,0.188250755,0.052195277,0.079
Sporophila_simplex,Female,Sporophilinae,N,N,0.032957958,3.58e-6,0.217104807,0.120428479,0.01
Sporophila_simplex,Male,Sporophilinae,N,N,0.030070351,4.8e-6,0.216121598,0.117070677,0.01
Sporophila_torqueola,Female,Sporophilinae,N,N,0.049204598,3.96e-6,0.156266776,0.154113679,0.069
Sporophila_torqueola,Male,Sporophilinae,N,N,0.09961794,2.21e-5,0.174864203,0.102874049,0.069
Stephanophorus_diadematus,Female,Thraupinae,F,U/C,0.122079905,2.2485e-4,0.143951419,0.086895046,0.055
Stephanophorus_diadematus,Male,Thraupinae,F,U/C,0.161634567,6.32564e-4,0.187612747,0.132238033,0.055
Tachyphonus_coronatus,Female,Tachyphoninae,F,C,0.061346496,1.41e-5,0.120008536,0.193297792,0.193
Tachyphonus_coronatus,Male,Tachyphoninae,F,C,0.108056214,5.55e-5,0.10057068,0.057034501,0.193
Tachyphonus_cristatus,Female,Tachyphoninae,F,C,0.054881379,1.09e-5,0.129451578,0.208176989,0.143
Tachyphonus_cristatus,Male,Tachyphoninae,F,C,0.147436401,1.92386e-4,0.149913827,0.108887593,0.143
Tachyphonus_luctuosus,Female,Tachyphoninae,F,C,0.091239065,6.6e-5,0.141121102,0.177247991,0.167
Tachyphonus_luctuosus,Male,Tachyphoninae,F,C,0.044251191,1.67e-8,0.085638943,0.01372639,0.167
Tachyphonus_phoenicius,Female,Tachyphoninae,F,U/C,0.04926509,6.01e-6,0.122133157,0.111441969,0.115
Tachyphonus_phoenicius,Male,Tachyphoninae,F,U/C,0.125304554,4.78e-8,0.075587926,0.031851825,0.115
Tachyphonus_rufus,Female,Tachyphoninae,F,U/C,0.046067135,3.15e-6,0.130482019,0.174641215,0.125
Tachyphonus_rufus,Male,Tachyphoninae,F,U/C,0.027989416,5.57e-7,0.159318381,0.054017008,0.125
Tachyphonus_rufiventer,Female,Tachyphoninae,F,C,0.090794617,6.45e-5,0.139980496,0.195329026,0.104
Tachyphonus_rufiventer,Male,Tachyphoninae,F,C,0.175698809,4.17674e-4,0.196646904,0.168036449,0.104
Tachyphonus_surinamus,Female,Tachyphoninae,F,U,0.095409982,9.59e-5,0.115676108,0.156311182,0.158
Tachyphonus_surinamus,Male,Tachyphoninae,F,U,0.173666746,2.02e-5,0.097725426,0.072899085,0.158
Tangara_argyrofenges,Female,Thraupinae,F,C,0.122651094,2.86392e-4,0.183361958,0.177052503,0.132
Tangara_argyrofenges,Male,Thraupinae,F,C,0.180008324,3.64e-5,0.147798596,0.075926753,0.132
Tangara_arthus,Female,Thraupinae,F,C,0.156024959,6.06e-5,0.11894011,0.22262529,0.02
Tangara_arthus,Male,Thraupinae,F,C,0.171208274,1.20363e-4,0.13335537,0.23794567,0.02
Tangara_cayana,Female,Thraupinae,F,U/C,0.08533024,1.77311e-4,0.183772306,0.166123092,0.056
Tangara_cayana,Male,Thraupinae,F,U/C,0.126997127,6.95181e-4,0.162667172,0.156530535,0.056
Tangara_chilensis,Female,Thraupinae,F,C,0.255918028,0.002880069,0.220975572,0.149516496,0.04
Tangara_chilensis,Male,Thraupinae,F,C,0.27231828,0.003093085,0.22580781,0.165680755,0.04
Tangara_chrysotis,Female,Thraupinae,F,C,0.222767049,6.47838e-4,0.171859675,0.197368799,0.025
Tangara_chrysotis,Male,Thraupinae,F,C,0.209087755,8.68804e-4,0.199247069,0.211503038,0.025
Tangara_cucullata,Female,Thraupinae,F,C,0.080203016,9.71e-5,0.151604688,0.151748196,0.06
Tangara_cucullata,Male,Thraupinae,F,C,0.107843192,4.99413e-4,0.165026419,0.143796389,0.06
Tangara_cyanicollis,Female,Thraupinae,F,C,0.160514453,9.07436e-4,0.134771166,0.129788446,0.034
Tangara_cyanicollis,Male,Thraupinae,F,C,0.182959523,0.001190822,0.190356155,0.134194912,0.034
Tangara_cyanocephala,Female,Thraupinae,F,C,0.143115602,6.7769e-4,0.186808255,0.15384566,0.045
Tangara_cyanocephala,Male,Thraupinae,F,C,0.188800496,0.001421112,0.196999857,0.161839198,0.045
Tangara_cyanotis,Female,Thraupinae,F,C,0.117097217,2.92301e-4,0.191227769,0.139333441,0.029
Tangara_cyanotis,Male,Thraupinae,F,C,0.127463415,3.28787e-4,0.195497084,0.144889025,0.029
Tangara_cyanoptera,Female,Thraupinae,F,C,0.073751931,9.9e-5,0.19542633,0.132171651,0.085
Tangara_cyanoptera,Male,Thraupinae,F,C,0.143129234,2.93432e-4,0.213796613,0.134587129,0.085
Tangara_cyanoventris,Female,Thraupinae,F,C,0.12341344,3.82389e-4,0.176044774,0.152484242,0.038
Tangara_cyanoventris,Male,Thraupinae,F,C,0.158395325,7.84927e-4,0.175082762,0.175456527,0.038
Tangara_desmaresti,Female,Thraupinae,F,C,0.159054591,0.001187776,0.195982417,0.195723098,0.041
Tangara_desmaresti,Male,Thraupinae,F,C,0.179746567,0.001621302,0.206798277,0.229070019,0.041
Tangara_dowii,Female,Thraupinae,F,C,0.145925611,3.63961e-4,0.168202197,0.145226715,0.023
Tangara_dowii,Male,Thraupinae,F,C,0.149921939,4.2223e-4,0.181453866,0.147186354,0.023
Tangara_fastuosa,Female,Thraupinae,F,C,0.187029145,0.001893933,0.238627823,0.13149409,0.038
Tangara_fastuosa,Male,Thraupinae,F,C,0.222342233,0.002699147,0.277316384,0.152919763,0.038
Tangara_florida,Female,Thraupinae,F,C,0.141947948,1.68787e-4,0.104344908,0.164627605,0.045
Tangara_florida,Male,Thraupinae,F,C,0.164117385,1.62213e-4,0.126243225,0.198399679,0.045
Tangara_fucosa,Female,Thraupinae,F,C,0.132552053,2.22657e-4,0.185724997,0.149147145,0.045
Tangara_fucosa,Male,Thraupinae,F,C,0.158788286,4.09214e-4,0.19395246,0.155010588,0.045
Tangara_guttata,Female,Thraupinae,F,C,0.085428949,2.03653e-4,0.221892507,0.146307542,0.014
Tangara_guttata,Male,Thraupinae,F,C,0.088209105,2.1679e-4,0.225992087,0.154565037,0.014
Tangara_gyrola,Female,Thraupinae,F,C,0.174170792,6.76347e-4,0.191868743,0.200338494,0.054
Tangara_gyrola,Male,Thraupinae,F,C,0.220497216,0.00101126,0.196141227,0.219654328,0.054
Tangara_heinei,Female,Thraupinae,F,C,0.08660608,1.06696e-4,0.162365101,0.161545862,0.124
Tangara_heinei,Male,Thraupinae,F,C,0.104641874,1.43738e-4,0.153639493,0.133647038,0.124
Tangara_icterocephala,Female,Thraupinae,F,C,0.116017049,2.57898e-4,0.153148154,0.170080835,0.046
Tangara_icterocephala,Male,Thraupinae,F,C,0.133612576,4.52964e-4,0.168075841,0.21504554,0.046
Tangara_inornata,Female,Thraupinae,F,C,0.072900778,4.21e-5,0.191967874,0.075724636,0.013
Tangara_inornata,Male,Thraupinae,F,C,0.069823523,3.92e-5,0.192195378,0.078427415,0.013
Tangara_johannae,Female,Thraupinae,F,C,0.134770896,6.90172e-4,0.178343327,0.154306534,0.025
Tangara_johannae,Male,Thraupinae,F,C,0.147474006,6.83816e-4,0.188672224,0.151719235,0.025
Tangara_labradorides,Female,Thraupinae,F,C,0.134648921,2.682e-4,0.229152598,0.179594963,0.021
Tangara_labradorides,Male,Thraupinae,F,C,0.13827836,3.15713e-4,0.257753559,0.190731066,0.021
Tangara_larvata,Female,Thraupinae,F,C,0.193689342,0.001875835,0.22458431,0.136144193,0.036
Tangara_larvata,Male,Thraupinae,F,C,0.212767601,0.001873302,0.245024115,0.142173675,0.036
Tangara_lavinia,Female,Thraupinae,F,C,0.104393067,1.43812e-4,0.171207438,0.15768557,0.107
Tangara_lavinia,Male,Thraupinae,F,C,0.235643041,6.62812e-4,0.167622138,0.236205039,0.107
Tangara_mexicana,Female,Thraupinae,F,C,0.180181693,3.4192e-4,0.229132658,0.124855401,0.025
Tangara_mexicana,Male,Thraupinae,F,C,0.190401849,3.29765e-4,0.231009933,0.119013073,0.025
Tangara_meyerdeschauenseei,Female,Thraupinae,N,N,0.073824568,1.43062e-4,0.166168276,0.160216889,0.081
Tangara_meyerdeschauenseei,Male,Thraupinae,N,N,0.094457256,6.18271e-4,0.161117106,0.129629972,0.081
Tangara_nigrocincta,Female,Thraupinae,F,C,0.127412719,9.64644e-4,0.267011699,0.09620403,0.049
Tangara_nigrocincta,Male,Thraupinae,F,C,0.160504411,0.001553139,0.311124221,0.11450993,0.049
Tangara_nigroviridis,Female,Thraupinae,F,C,0.115254507,1.65389e-4,0.216264167,0.140352242,0.031
Tangara_nigroviridis,Male,Thraupinae,F,C,0.118394037,1.28198e-4,0.236208864,0.146129748,0.031
Tangara_palmeri,Female,Thraupinae,F,C,0.083185925,6.75e-5,0.258566281,0.059045471,0.027
Tangara_palmeri,Male,Thraupinae,F,C,0.079860788,3.56e-5,0.289524764,0.055084241,0.027
Tangara_parzudakii,Female,Thraupinae,F,C,0.166425136,9.29005e-4,0.228752486,0.217099729,0.048
Tangara_parzudakii,Male,Thraupinae,F,C,0.160719078,0.001231324,0.274002917,0.210322955,0.048
Tangara_peruviana,Female,Thraupinae,F,C,0.089529876,1.76968e-4,0.1743259,0.183118709,0.062
Tangara_peruviana,Male,Thraupinae,F,C,0.134640985,6.16068e-4,0.198181133,0.18517624,0.062
Tangara_phillipsi,Female,Thraupinae,F,C,0.09941348,2.48481e-4,0.199483298,0.157951255,NA
Tangara_preciosa,Female,Thraupinae,F,C,0.10480176,2.96937e-4,0.166615848,0.154509936,0.051
Tangara_preciosa,Male,Thraupinae,F,C,0.153099374,4.63385e-4,0.179703,0.180493008,0.051
Tangara_punctata,Female,Thraupinae,F,C,0.094406012,1.4982e-4,0.213507766,0.150028691,0.021
Tangara_punctata,Male,Thraupinae,F,C,0.096669167,2.04984e-4,0.201924333,0.145310183,0.021
Tangara_rufigenis,Female,Thraupinae,F,C,0.085332164,1.32603e-4,0.152598715,0.179632826,0.037
Tangara_rufigenis,Male,Thraupinae,F,C,0.102169945,1.47052e-4,0.16710605,0.185283187,0.037
Tangara_ruficervix,Female,Thraupinae,F,C,0.127403745,3.92801e-4,0.197066754,0.099803594,0.033
Tangara_ruficervix,Male,Thraupinae,F,C,0.147963724,8.23954e-4,0.205527753,0.113480193,0.033
Tangara_rufigula,Female,Thraupinae,F,C,0.076415256,5.5e-5,0.202895244,0.175654701,0.026
Tangara_rufigula,Male,Thraupinae,F,C,0.083538654,5.37e-5,0.198428612,0.1781664,0.026
Tangara_schrankii,Female,Thraupinae,F,C,0.145385744,8.21426e-4,0.139949741,0.188850587,0.033
Tangara_schrankii,Male,Thraupinae,F,C,0.179413525,0.001417671,0.151226574,0.196461753,0.033
Tangara_seledon,Female,Thraupinae,F,C,0.147786082,0.001399136,0.180004932,0.155456586,0.049
Tangara_seledon,Male,Thraupinae,F,C,0.202020341,0.002809856,0.216038455,0.170495389,0.049
Tangara_varia,Female,Thraupinae,F,C,0.06139675,8.28e-5,0.184031291,0.150874924,0.038
Tangara_varia,Male,Thraupinae,F,C,0.088023315,1.89756e-4,0.176215946,0.160156079,0.038
Tangara_vassorii,Female,Thraupinae,F,C,0.129823474,4.67878e-4,0.171129476,0.097994068,0.07
Tangara_vassorii,Male,Thraupinae,F,C,0.157826173,5.39069e-4,0.209993783,0.136681575,0.07
Tangara_velia,Female,Thraupinae,F,C,0.249706858,0.004575441,0.173493859,0.180177698,0.052
Tangara_velia,Male,Thraupinae,F,C,0.273486138,0.005797967,0.188159922,0.187228936,0.052
Tangara_viridicollis,Female,Thraupinae,F,C,0.098948766,2.92695e-4,0.161544811,0.163302971,0.128
Tangara_viridicollis,Male,Thraupinae,F,C,0.104246487,1.22786e-4,0.13913488,0.105612548,0.128
Tangara_vitriolina,Female,Thraupinae,F,C,0.087249681,1.32066e-4,0.182960426,0.160105951,0.043
Tangara_vitriolina,Male,Thraupinae,F,C,0.116739392,4.73749e-4,0.175331604,0.180838203,0.043
Tangara_xanthocephala,Female,Thraupinae,F,C,0.137672943,7.61302e-4,0.191359438,0.190498783,0.04
Tangara_xanthocephala,Male,Thraupinae,F,C,0.175867054,0.001292141,0.210752741,0.200051237,0.04
Tangara_xanthogastra,Female,Thraupinae,F,C,0.092270783,4.15225e-4,0.213651461,0.164678377,0.04
Tangara_xanthogastra,Male,Thraupinae,F,C,0.107424918,5.17421e-4,0.21232969,0.186258063,0.04
Tersina_viridis,Female,Dacninae,F,C,0.072361632,5.18e-5,0.235587852,0.126705791,0.105
Tersina_viridis,Male,Dacninae,F,C,0.083561523,4.16e-5,0.331417941,0.075263855,0.105
Thlypopsis_fulviceps,Female,Poospizinae,F,U/C,0.050641458,1.07e-5,0.240480441,0.119612103,0.014
Thlypopsis_fulviceps,Male,Poospizinae,F,U/C,0.064268196,1.68e-5,0.243680618,0.126110473,0.014
Thlypopsis_inornata,Female,Poospizinae,N,N,0.075424009,1.77e-5,0.218079075,0.133525244,0.024
Thlypopsis_inornata,Male,Poospizinae,N,N,0.084040214,2.54e-5,0.202635187,0.14094057,0.024
Thlypopsis_ornata,Female,Poospizinae,F,U/C,0.096653366,5.13e-5,0.195150059,0.161766038,0.015
Thlypopsis_ornata,Male,Poospizinae,F,U/C,0.108210757,6.13e-5,0.180935654,0.174410451,0.015
Thlypopsis_pectoralis,Female,Poospizinae,F,U/C,0.085381891,4.34e-5,0.181816387,0.161668126,0.018
Thlypopsis_pectoralis,Male,Poospizinae,F,U/C,0.088520375,4e-5,0.175736645,0.163585171,0.018
Thlypopsis_ruficeps,Female,Poospizinae,F,U/C,0.073891799,4.63e-5,0.22448253,0.179402922,0.013
Thlypopsis_ruficeps,Male,Poospizinae,F,U/C,0.083764981,6.15e-5,0.226219114,0.18105942,0.013
Thlypopsis_sordida,Female,Poospizinae,F,U/C,0.079479973,8.19e-5,0.213719646,0.14609556,0.014
Thlypopsis_sordida,Male,Poospizinae,F,U/C,0.087443566,8.3e-5,0.227929002,0.150420899,0.014
Thraupis_abbas,Female,Thraupinae,F,C,0.089396723,8.41e-5,0.179687553,0.067251171,0.035
Thraupis_abbas,Male,Thraupinae,F,C,0.110489772,1.18687e-4,0.193362353,0.083402104,0.035
Thraupis_cyanocephala,Female,Thraupinae,F,C,0.126481692,1.86371e-4,0.143388663,0.11672095,0.025
Thraupis_cyanocephala,Male,Thraupinae,F,C,0.117171002,2.18933e-4,0.134657777,0.115747768,0.025
Thraupis_cyanoptera,Female,Thraupinae,F,C,0.078806977,1.59896e-4,0.193074191,0.083653783,0.027
Thraupis_cyanoptera,Male,Thraupinae,F,C,0.091464743,2.55744e-4,0.206892965,0.082928534,0.027
Thraupis_episcopus,Female,Thraupinae,F,C,0.039533401,2.28e-5,0.300209604,0.05187926,0.01
Thraupis_episcopus,Male,Thraupinae,F,C,0.042952257,3.29e-5,0.330003827,0.053845774,0.01
Thraupis_glaucocolpa,Female,Thraupinae,F,C,0.037340882,7.48e-6,0.241356957,0.074363024,0.015
Thraupis_glaucocolpa,Male,Thraupinae,F,C,0.033190625,1.04e-5,0.267258145,0.072491452,0.015
Thraupis_ornata,Female,Thraupinae,F,C,0.064141735,8.19e-5,0.167122994,0.049333965,0.054
Thraupis_ornata,Male,Thraupinae,F,C,0.102168547,1.83545e-4,0.191985536,0.078416651,0.054
Thraupis_palmarum,Female,Thraupinae,F,C,0.07908091,2.71e-5,0.157194318,0.085799069,0.029
Thraupis_palmarum,Male,Thraupinae,F,C,0.086752278,2.54e-5,0.174337187,0.102806417,0.029
Thraupis_sayaca,Female,Thraupinae,F,C,0.037733636,2.24e-5,0.214437555,0.068623684,0.019
Thraupis_sayaca,Male,Thraupinae,F,C,0.044315611,2.97e-5,0.239529968,0.070533422,0.019
Tiaris_bicolor,Female,Coerebinae,N,N,0.027507196,3.81e-6,0.159145079,0.085279835,0.015
Tiaris_bicolor,Male,Coerebinae,N,N,0.024983294,3.78e-6,0.101711412,0.076719227,0.015
Tiaris_canorus,Female,Coerebinae,F,U,0.057795338,4.26e-5,0.167307068,0.141278623,0.047
Tiaris_canorus,Male,Coerebinae,F,U,0.085570636,8.28e-5,0.150483159,0.116437587,0.047
Tiaris_fuliginosus,Female,Coerebinae,F,U,0.025083925,1.54e-6,0.133843255,0.123595642,0.054
Tiaris_fuliginosus,Male,Coerebinae,F,U,0.013362108,1.99e-7,0.081237601,0.070819647,0.054
Tiaris_obscurus,Female,Coerebinae,N,N,0.029895097,2.07e-6,0.197103728,0.113452622,0.011
Tiaris_obscurus,Male,Coerebinae,N,N,0.02885306,1.38e-6,0.195218577,0.109976468,0.011
Tiaris_olivaceus,Female,Coerebinae,N,N,0.03380939,6.12e-6,0.147495675,0.150325079,0.053
Tiaris_olivaceus,Male,Coerebinae,N,N,0.099839566,4.93e-5,0.138494621,0.149156986,0.053
Trichothraupis_melanops,Female,Tachyphoninae,F,U,0.089015697,3.21e-5,0.147335146,0.145696425,0.053
Trichothraupis_melanops,Male,Tachyphoninae,F,U,0.1316489,1.03298e-4,0.18550548,0.143488607,0.053
Urothraupis_stolzmanni,Female,Poospizinae,F,U,0.02126758,6.81e-7,0.13508726,0.048582712,0.009
Urothraupis_stolzmanni,Male,Poospizinae,F,U,0.022455416,1.02e-6,0.141095375,0.044086958,0.009
Volatinia_jacarina,Female,Tachyphoninae,N,N,0.039860031,8.71e-7,0.150909125,0.118254508,0.12
Volatinia_jacarina,Male,Tachyphoninae,N,N,0.039115867,1.36e-6,0.096101704,0.029020001,0.12
Wetmorethraupis_sterrhopteron,Female,Thraupinae,F,C,0.249048961,4.6549e-4,0.169912892,0.161525634,0.013
Wetmorethraupis_sterrhopteron,Male,Thraupinae,F,C,0.281378744,2.7759e-4,0.164000941,0.163222266,0.013
Xenospingus_concolor,Female,Poospizinae,N,N,0.021889056,4.1e-7,0.140466635,0.069096077,0.127
Xenospingus_concolor,Male,Poospizinae,N,N,0.017764214,3.3e-7,0.160822893,0.055941261,0.127
Xenodacnis_parina,Female,Diglossinae,F,U/C,0.111066262,4.07e-5,0.152149464,0.096935399,0.017
Xenodacnis_parina,Male,Diglossinae,F,U/C,0.075123987,2.15e-5,0.127581009,0.088660402,0.017
